DeliveryDate,DeliveryHour,DeliveryInterval,SettlementPointName,SettlementPointType,SettlementPointPrice,DSTFlag
11/13/2018,7,3,AEEC,RN,36.57,N
11/13/2018,7,3,AMISTAD_ALL,RN,15.79,N
11/13/2018,7,3,AMOCOOIL_CC1,LCCRN,31.6,N
11/13/2018,7,3,AMOCOOIL_CC2,LCCRN,31.6,N
11/13/2018,7,3,AMOCO_PUN1,PUN,31.6,N
11/13/2018,7,3,AMOCO_PUN2,PUN,31.6,N
11/13/2018,7,3,AMO_AMOCO_1,PCCRN,31.6,N
11/13/2018,7,3,AMO_AMOCO_2,PCCRN,31.6,N
11/13/2018,7,3,AMO_AMOCO_5,PCCRN,31.6,N
11/13/2018,7,3,AMO_AMOCO_G1,PCCRN,31.6,N
11/13/2018,7,3,AMO_AMOCO_G2,PCCRN,31.6,N
11/13/2018,7,3,AMO_AMOCO_G3,PCCRN,31.6,N
11/13/2018,7,3,AMO_AMOCO_S1,PCCRN,31.6,N
11/13/2018,7,3,AMO_AMOCO_S2,PCCRN,31.6,N
11/13/2018,7,3,ANACACHO_ANA,RN,19.3,N
11/13/2018,7,3,ATK_ATKINSG7,RN,33.75,N
11/13/2018,7,3,AUSTPL_ALL,RN,36.33,N
11/13/2018,7,3,AZ_ALL,RN,31.9,N
11/13/2018,7,3,BAC_RN_ALL,RN,31.62,N
11/13/2018,7,3,BAFFIN_ALL,RN,24.78,N
11/13/2018,7,3,BASTEN_CC1,LCCRN,36.58,N
11/13/2018,7,3,BASTEN_CCU,PCCRN,36.58,N
11/13/2018,7,3,BBREEZE_1_2,RN,24.6,N
11/13/2018,7,3,BBSES_UNIT1,RN,34.71,N
11/13/2018,7,3,BBSES_UNIT2,RN,34.71,N
11/13/2018,7,3,BCATWD_WD_1,RN,36.55,N
11/13/2018,7,3,BFM_HYD_ST1,RN,31.76,N
11/13/2018,7,3,BLSMT1_5_A_6,RN,36.54,N
11/13/2018,7,3,BOOTLEG_UN1,RN,7.95,N
11/13/2018,7,3,BORDAS_345,RN,24.07,N
11/13/2018,7,3,BOSQUESW_CC1,LCCRN,34.94,N
11/13/2018,7,3,BOSQUESW_CC2,LCCRN,34.81,N
11/13/2018,7,3,BOSQ_BSQSU_5,PCCRN,34.81,N
11/13/2018,7,3,BOSQ_BSQS_12,PCCRN,34.81,N
11/13/2018,7,3,BOSQ_BSQS_34,PCCRN,34.94,N
11/13/2018,7,3,BRAUNIG_CC1,LCCRN,22.89,N
11/13/2018,7,3,BRAUNIG_VHB1,RN,24.94,N
11/13/2018,7,3,BRAUNIG_VHB2,RN,24.94,N
11/13/2018,7,3,BRAUNIG_VHB3,RN,24.94,N
11/13/2018,7,3,BRAZ_WND_ALL,RN,39.35,N
11/13/2018,7,3,BRA_AVR1_CT2,PCCRN,22.89,N
11/13/2018,7,3,BRA_AVR_CST1,PCCRN,22.89,N
11/13/2018,7,3,BRISCOE_WIND,RN,36.54,N
11/13/2018,7,3,BRTSW_BCW1,RN,36.41,N
11/13/2018,7,3,BR_VHB6CT5_6,RN,25.55,N
11/13/2018,7,3,BR_VHB6CT7_8,RN,25.55,N
11/13/2018,7,3,BSF_PUN1,PUN,30.98,N
11/13/2018,7,3,BSF_PUN2,PUN,30.98,N
11/13/2018,7,3,BTE_BTE_G1,PCCRN,31.94,N
11/13/2018,7,3,BTE_BTE_G2,PCCRN,31.94,N
11/13/2018,7,3,BTE_BTE_G3,PCCRN,31.94,N
11/13/2018,7,3,BTE_BTE_G4,PCCRN,31.94,N
11/13/2018,7,3,BTE_CC1,LCCRN,31.94,N
11/13/2018,7,3,BTE_PUN1,PUN,31.94,N
11/13/2018,7,3,BTE_PUN2,PUN,31.94,N
11/13/2018,7,3,BUCHAN_ALL,RN,34.57,N
11/13/2018,7,3,BUCKTHRN_RN,RN,35.79,N
11/13/2018,7,3,BUFF_GAP_ALL,RN,35.69,N
11/13/2018,7,3,BULLCRK_1_2,RN,39.11,N
11/13/2018,7,3,BVE_CC1,LCCRN,31.54,N
11/13/2018,7,3,BVE_UNIT1,PCCRN,31.54,N
11/13/2018,7,3,BVE_UNIT2,PCCRN,31.54,N
11/13/2018,7,3,BVE_UNIT3,PCCRN,31.54,N
11/13/2018,7,3,BYU_BYU_1,RN,31.75,N
11/13/2018,7,3,BYU_BYU_12,PCCRN,31.75,N
11/13/2018,7,3,BYU_BYU_34,PCCRN,31.75,N
11/13/2018,7,3,BYU_BYU_G8,PCCRN,31.75,N
11/13/2018,7,3,BYU_CC1,LCCRN,31.75,N
11/13/2018,7,3,BYU_PUN1,PUN,31.75,N
11/13/2018,7,3,BYU_PUN2,PUN,31.75,N
11/13/2018,7,3,BYU_PUN3,PUN,31.75,N
11/13/2018,7,3,BYU_PUN4,PUN,31.75,N
11/13/2018,7,3,B_DAVIS_3,PCCRN,25.1,N
11/13/2018,7,3,B_DAVIS_4,PCCRN,25.1,N
11/13/2018,7,3,B_DAVIS_CC1,LCCRN,25.1,N
11/13/2018,7,3,B_D_B_DAVIG1,RN,25.1,N
11/13/2018,7,3,B_D_B_DAVIG2,PCCRN,25.1,N
11/13/2018,7,3,CABEZON_ALL,RN,24.22,N
11/13/2018,7,3,CALAVER_JKS1,RN,22.78,N
11/13/2018,7,3,CALAVER_JKS2,RN,22.78,N
11/13/2018,7,3,CALAVER_JTD1,RN,23.94,N
11/13/2018,7,3,CALAVER_JTD2,RN,23.94,N
11/13/2018,7,3,CALAVER_OWS1,RN,24.52,N
11/13/2018,7,3,CALAVER_OWS2,RN,25.52,N
11/13/2018,7,3,CALHOUN_ALL,RN,27.69,N
11/13/2018,7,3,CALLAHA_WND1,RN,36.15,N
11/13/2018,7,3,CAL_ALL,RN,31.89,N
11/13/2018,7,3,CAL_CALGT1,PCCRN,31.89,N
11/13/2018,7,3,CAL_CALSTG1,PCCRN,31.89,N
11/13/2018,7,3,CAL_CC1,LCCRN,31.89,N
11/13/2018,7,3,CAL_PUN1,PUN,31.89,N
11/13/2018,7,3,CAL_PUN2,PUN,31.89,N
11/13/2018,7,3,CAMWIND_RN,RN,24.63,N
11/13/2018,7,3,CAPRIDG4_CR4,RN,34.74,N
11/13/2018,7,3,CAPRIDGE_ALL,RN,34.74,N
11/13/2018,7,3,CARBN_BSP_1,RN,53.27,N
11/13/2018,7,3,CASL_GAP_UN1,RN,7.79,N
11/13/2018,7,3,CBECII_1,PCCRN,31.12,N
11/13/2018,7,3,CBECII_2,PCCRN,31.12,N
11/13/2018,7,3,CBECII_CC3,LCCRN,31.12,N
11/13/2018,7,3,CBEC_ALL,PCCRN,31.45,N
11/13/2018,7,3,CBEC_CC1,LCCRN,31.45,N
11/13/2018,7,3,CBEC_CC2,LCCRN,31.45,N
11/13/2018,7,3,CBY4_ALL,PCCRN,31.93,N
11/13/2018,7,3,CBY4_CC1,LCCRN,31.93,N
11/13/2018,7,3,CBY_CBY_G1,RN,31.93,N
11/13/2018,7,3,CBY_CBY_G2,RN,31.91,N
11/13/2018,7,3,CCEC_CC1,LCCRN,25.17,N
11/13/2018,7,3,CCEC_GT1,PCCRN,25.17,N
11/13/2018,7,3,CCEC_GT2,PCCRN,25.17,N
11/13/2018,7,3,CCEC_PUN1,PUN,25.17,N
11/13/2018,7,3,CCEC_PUN2,PUN,25.17,N
11/13/2018,7,3,CCEC_ST1,PCCRN,25.17,N
11/13/2018,7,3,CEDROHI_CHW1,RN,23.96,N
11/13/2018,7,3,CFLATS_UNIT,RN,31.16,N
11/13/2018,7,3,CHAMON_UN1,RN,32.06,N
11/13/2018,7,3,CHAMON_UN2,RN,32.06,N
11/13/2018,7,3,CHEDPW_GT2,PCCRN,32.08,N
11/13/2018,7,3,CHE_CC1,LCCRN,31.99,N
11/13/2018,7,3,CHE_LYD,PCCRN,31.92,N
11/13/2018,7,3,CHE_LYD2,PCCRN,31.92,N
11/13/2018,7,3,CHE_PUN1,PUN,31.92,N
11/13/2018,7,3,CHE_PUN2,PUN,31.92,N
11/13/2018,7,3,COL_COLETOG1,RN,25.82,N
11/13/2018,7,3,COTPLNS_RN,RN,36.57,N
11/13/2018,7,3,COTTON_PAP2,RN,25.23,N
11/13/2018,7,3,CPSES_UNIT1,RN,35.55,N
11/13/2018,7,3,CPSES_UNIT2,RN,35.55,N
11/13/2018,7,3,CSC_CSECG1_2,RN,38.99,N
11/13/2018,7,3,CVC_CC1,LCCRN,32.08,N
11/13/2018,7,3,CVC_CVCG1_5,PCCRN,32.08,N
11/13/2018,7,3,CVC_CVC_G2,PCCRN,32.08,N
11/13/2018,7,3,CVC_CVC_G3,PCCRN,32.08,N
11/13/2018,7,3,DANSBY_ALL,RN,33.87,N
11/13/2018,7,3,DC2SES_ALL,RN,35.73,N
11/13/2018,7,3,DC_E,LZ_DCEW,36.97,N
11/13/2018,7,3,DC_E,LZ_DC,36.97,N
11/13/2018,7,3,DC_L,LZ_DCEW,23.7,N
11/13/2018,7,3,DC_L,LZ_DC,23.7,N
11/13/2018,7,3,DC_N,LZ_DC,36.55,N
11/13/2018,7,3,DC_N,LZ_DCEW,36.55,N
11/13/2018,7,3,DC_R,LZ_DCEW,24.51,N
11/13/2018,7,3,DC_R,LZ_DC,24.51,N
11/13/2018,7,3,DC_S,LZ_DCEW,18.87,N
11/13/2018,7,3,DC_S,LZ_DC,18.87,N
11/13/2018,7,3,DDPEC_CC1,LCCRN,31.79,N
11/13/2018,7,3,DDPEC_GT1,PCCRN,31.79,N
11/13/2018,7,3,DDPEC_GT2,PCCRN,31.79,N
11/13/2018,7,3,DDPEC_GT3,PCCRN,31.79,N
11/13/2018,7,3,DDPEC_GT4,PCCRN,31.79,N
11/13/2018,7,3,DDPEC_GT6,PCCRN,31.79,N
11/13/2018,7,3,DDPEC_ST1,PCCRN,31.79,N
11/13/2018,7,3,DECKER_DPG1,RN,36.33,N
11/13/2018,7,3,DECKER_DPG2,RN,36.33,N
11/13/2018,7,3,DECKER_GT,RN,36.29,N
11/13/2018,7,3,DENISON_G1_2,RN,37.05,N
11/13/2018,7,3,DERMOTT_ALL,RN,36.77,N
11/13/2018,7,3,DIB_CC1,LCCRN,31.86,N
11/13/2018,7,3,DIB_DIB_G1,PCCRN,31.86,N
11/13/2018,7,3,DIB_DIB_G2,PCCRN,31.86,N
11/13/2018,7,3,DIB_DIB_G3,PCCRN,31.86,N
11/13/2018,7,3,DIB_DIB_G4,PCCRN,31.86,N
11/13/2018,7,3,DIB_PUN1,PUN,31.86,N
11/13/2018,7,3,DIB_PUN2,PUN,31.86,N
11/13/2018,7,3,DOWGEN_PUN1,PUN,30.85,N
11/13/2018,7,3,DOWGEN_PUN2,PUN,30.85,N
11/13/2018,7,3,DOWGEN_PUN3,PUN,30.85,N
11/13/2018,7,3,DOW_61_2_63,RN,30.85,N
11/13/2018,7,3,DOW_64,RN,30.85,N
11/13/2018,7,3,DOW_81_2_84,RN,30.85,N
11/13/2018,7,3,DOW_G37_G35,RN,30.85,N
11/13/2018,7,3,DOW_G66_ST65,RN,30.85,N
11/13/2018,7,3,DOW_G67,RN,30.85,N
11/13/2018,7,3,DOW_G96_ST95,RN,30.85,N
11/13/2018,7,3,DUKE_CC1,LCCRN,24.53,N
11/13/2018,7,3,DUKE_GST1CCU,PCCRN,24.53,N
11/13/2018,7,3,DUKE_GT2_CCU,PCCRN,24.53,N
11/13/2018,7,3,DUP_DUPV1_G1,RN,27.23,N
11/13/2018,7,3,DUP_PUN1,PUN,27.23,N
11/13/2018,7,3,DUP_PUN2,PUN,27.23,N
11/13/2018,7,3,DUP_PUN3,PUN,27.23,N
11/13/2018,7,3,DUP_PUN4,PUN,27.23,N
11/13/2018,7,3,ECLIPSE_UN1,RN,18.24,N
11/13/2018,7,3,ELB_ELBCREEK,RN,30.63,N
11/13/2018,7,3,ELECTRAW_1_2,RN,36.55,N
11/13/2018,7,3,ENAS_ENA1,RN,41.2,N
11/13/2018,7,3,ETCCS_CC1,LCCRN,26.93,N
11/13/2018,7,3,ETCCS_CCU,PCCRN,26.93,N
11/13/2018,7,3,EXGNSND_RN,RN,24.03,N
11/13/2018,7,3,EXGNWTL_1,RN,23.96,N
11/13/2018,7,3,EXN_14,RN,31.92,N
11/13/2018,7,3,EXN_1_3,RN,31.92,N
11/13/2018,7,3,EXN_4,RN,31.92,N
11/13/2018,7,3,EXN_8,RN,31.92,N
11/13/2018,7,3,EXN_9_13,RN,31.92,N
11/13/2018,7,3,EXN_PUN1,PUN,31.92,N
11/13/2018,7,3,EXN_PUN2,PUN,31.92,N
11/13/2018,7,3,EXN_PUN3,PUN,31.92,N
11/13/2018,7,3,FAL_FALCONG1,RN,24.25,N
11/13/2018,7,3,FAL_FALCONG2,RN,24.25,N
11/13/2018,7,3,FAL_FALCONG3,RN,24.25,N
11/13/2018,7,3,FEGC_RN,RN,31.72,N
11/13/2018,7,3,FERGCC_CC1,LCCRN,34.49,N
11/13/2018,7,3,FERGCC_GT1_1,PCCRN,34.49,N
11/13/2018,7,3,FERGCC_GT2_3,PCCRN,34.49,N
11/13/2018,7,3,FERGCC_ST1_5,PCCRN,34.49,N
11/13/2018,7,3,FERMI_ALL,RN,17.97,N
11/13/2018,7,3,FLCNS_CC1,LCCRN,56.31,N
11/13/2018,7,3,FLCNS_UNIT1,PCCRN,56.31,N
11/13/2018,7,3,FLCNS_UNIT2,PCCRN,56.31,N
11/13/2018,7,3,FLCNS_UNIT3,PCCRN,56.31,N
11/13/2018,7,3,FLTCK_SSI,RN,35.81,N
11/13/2018,7,3,FLUVANNA_1_2,RN,37.41,N
11/13/2018,7,3,FORMOSA_CC1,LCCRN,27.75,N
11/13/2018,7,3,FORMOSA_PUN1,PUN,27.75,N
11/13/2018,7,3,FORMOSA_PUN2,PUN,27.75,N
11/13/2018,7,3,FO_FORMOSA11,RN,27.75,N
11/13/2018,7,3,FO_FORMOSA12,RN,27.75,N
11/13/2018,7,3,FO_FORMOSG1,PCCRN,27.75,N
11/13/2018,7,3,FO_FORMOSG10,PCCRN,27.75,N
11/13/2018,7,3,FO_FORMOSG2,PCCRN,27.75,N
11/13/2018,7,3,FO_FORMOSG3,PCCRN,27.75,N
11/13/2018,7,3,FO_FORMOSG4,PCCRN,27.75,N
11/13/2018,7,3,FO_FORMOSG5,PCCRN,27.75,N
11/13/2018,7,3,FO_FORMOSG6,PCCRN,27.75,N
11/13/2018,7,3,FO_FORMOSG7,PCCRN,27.75,N
11/13/2018,7,3,FO_FORMOSG8,RN,27.75,N
11/13/2018,7,3,FO_FORMOSG9,PCCRN,27.75,N
11/13/2018,7,3,FPPYD_FPP_G1,RN,35.67,N
11/13/2018,7,3,FPPYD_FPP_G2,RN,35.67,N
11/13/2018,7,3,FPPYD_FPP_G3,RN,35.67,N
11/13/2018,7,3,FREC_1_CCU,PCCRN,34.85,N
11/13/2018,7,3,FREC_2_CCU,PCCRN,34.73,N
11/13/2018,7,3,FREC_CC1,LCCRN,34.85,N
11/13/2018,7,3,FREC_CC2,LCCRN,34.73,N
11/13/2018,7,3,FRNYPP_1_CCU,PCCRN,36.8,N
11/13/2018,7,3,FRNYPP_2_CCU,PCCRN,36.8,N
11/13/2018,7,3,FRNYPP_CC1,LCCRN,36.8,N
11/13/2018,7,3,FRNYPP_CC2,LCCRN,36.8,N
11/13/2018,7,3,FTR_CC1,LCCRN,32.81,N
11/13/2018,7,3,FTR_FTR_G1_4,PCCRN,32.81,N
11/13/2018,7,3,FTWIND_UNIT1,RN,34.76,N
11/13/2018,7,3,GBY_GBY_5,RN,31.98,N
11/13/2018,7,3,GBY_GT,RN,31.86,N
11/13/2018,7,3,GIB_GIB_CRG1,RN,32.96,N
11/13/2018,7,3,GID_GIDEONG1,RN,35.88,N
11/13/2018,7,3,GID_GIDEONG2,RN,35.88,N
11/13/2018,7,3,GID_GIDEONG3,RN,35.88,N
11/13/2018,7,3,GOA_GOATWIND,RN,35.24,N
11/13/2018,7,3,GPASTURE_ALL,RN,36.47,N
11/13/2018,7,3,GRANDVW1_A_B,RN,36.54,N
11/13/2018,7,3,GRSES_UNIT1,RN,36.5,N
11/13/2018,7,3,GRSES_UNIT2,RN,36.49,N
11/13/2018,7,3,GUADG_CC1,LCCRN,20.21,N
11/13/2018,7,3,GUADG_CC2,LCCRN,20.21,N
11/13/2018,7,3,GUADG_CCU1,PCCRN,20.21,N
11/13/2018,7,3,GUADG_CCU2,PCCRN,20.21,N
11/13/2018,7,3,GUNMTN_NODE,RN,55.09,N
11/13/2018,7,3,GWEC_G1,RN,34.82,N
11/13/2018,7,3,HAYSEN1_2,RN,26.21,N
11/13/2018,7,3,HAYSEN3_4,RN,26.21,N
11/13/2018,7,3,HB_BUSAVG,SH,34.49,N
11/13/2018,7,3,HB_HOUSTON,HU,31.88,N
11/13/2018,7,3,HB_HUBAVG,AH,34.55,N
11/13/2018,7,3,HB_NORTH,HU,35.86,N
11/13/2018,7,3,HB_SOUTH,HU,29.24,N
11/13/2018,7,3,HB_WEST,HU,41.22,N
11/13/2018,7,3,HELIOS_RN,RN,21.84,N
11/13/2018,7,3,HHGT_KENDAL,RN,24.96,N
11/13/2018,7,3,HHOLLW2_WND1,RN,35.69,N
11/13/2018,7,3,HHOLLW3_WND1,RN,35.69,N
11/13/2018,7,3,HHOLLW4_WND1,RN,35.69,N
11/13/2018,7,3,HICK_G1_G2,RN,17.36,N
11/13/2018,7,3,HLSES_UNIT3,RN,37.68,N
11/13/2018,7,3,HLSES_UNIT4,RN,37.68,N
11/13/2018,7,3,HLSES_UNIT5,RN,37.68,N
11/13/2018,7,3,HORSECRK_RN,RN,36.26,N
11/13/2018,7,3,HOVEY_GEN,RN,378.51,N
11/13/2018,7,3,HRFDWIND_ALL,RN,36.54,N
11/13/2018,7,3,HWF_HWFG1,RN,36.42,N
11/13/2018,7,3,H_HOLLO_WND1,RN,35.69,N
11/13/2018,7,3,INDN_INDNNWP,RN,-12.72,N
11/13/2018,7,3,IND_INADALE1,RN,36.63,N
11/13/2018,7,3,INGLCOSW_CC1,LCCRN,25.26,N
11/13/2018,7,3,INGLCOSW_STG,PCCRN,25.26,N
11/13/2018,7,3,INGLCOS_CTG1,PCCRN,25.26,N
11/13/2018,7,3,INGLCOS_CTG2,PCCRN,25.26,N
11/13/2018,7,3,INGLCO_PUN1,PUN,25.26,N
11/13/2018,7,3,INGLCO_PUN2,PUN,25.26,N
11/13/2018,7,3,INGLCO_PUN3,PUN,25.26,N
11/13/2018,7,3,INKS_INKS_G1,RN,34.39,N
11/13/2018,7,3,IN_INDNENR,RN,-10.56,N
11/13/2018,7,3,IN_INDNENR_2,RN,-3.81,N
11/13/2018,7,3,JACKCNTY_CC1,LCCRN,36.76,N
11/13/2018,7,3,JACKCNTY_CT1,PCCRN,36.76,N
11/13/2018,7,3,JACKCNTY_CT2,PCCRN,36.76,N
11/13/2018,7,3,JACKCNTY_STG,PCCRN,36.76,N
11/13/2018,7,3,JCKCNTY2_CC1,LCCRN,36.58,N
11/13/2018,7,3,JCKCNTY2_CT3,PCCRN,36.58,N
11/13/2018,7,3,JCKCNTY2_CT4,PCCRN,36.58,N
11/13/2018,7,3,JCKCNTY2_ST2,PCCRN,36.58,N
11/13/2018,7,3,KEECHI_U1,RN,36.76,N
11/13/2018,7,3,KEO_KEO_SM1,RN,-18,N
11/13/2018,7,3,KING_KINGNE,RN,-0.93,N
11/13/2018,7,3,KING_KINGNW,RN,6.66,N
11/13/2018,7,3,KING_KINGSE,RN,-0.93,N
11/13/2018,7,3,KING_KINGSW,RN,6.66,N
11/13/2018,7,3,KMCHI_CC1,LCCRN,37.01,N
11/13/2018,7,3,KMCHI_CC2,LCCRN,37.01,N
11/13/2018,7,3,LAMESASLR_G,RN,59.98,N
11/13/2018,7,3,LARDVFTN_G4,RN,23.7,N
11/13/2018,7,3,LARDVFTN_G5,RN,23.7,N
11/13/2018,7,3,LASSO_GEN,RN,3237.95,N
11/13/2018,7,3,LEG_LEG_G1,RN,34.34,N
11/13/2018,7,3,LEG_LEG_G2,RN,34.34,N
11/13/2018,7,3,LEONLCPCT1_2,RN,23.91,N
11/13/2018,7,3,LEONLCPCT3_4,RN,23.91,N
11/13/2018,7,3,LFBIO_UNIT1,RN,35.63,N
11/13/2018,7,3,LGD_LANGFORD,RN,28.67,N
11/13/2018,7,3,LGE_CC1,LCCRN,25.26,N
11/13/2018,7,3,LGE_LGE_GT1,PCCRN,25.26,N
11/13/2018,7,3,LGE_LGE_GT2,PCCRN,25.26,N
11/13/2018,7,3,LGE_LGE_STG,PCCRN,25.26,N
11/13/2018,7,3,LGE_PUN1,RN,25.26,N
11/13/2018,7,3,LGE_PUN2,RN,25.26,N
11/13/2018,7,3,LGW_UNIT_ALL,RN,34.91,N
11/13/2018,7,3,LHM_CVC_G4,RN,31.96,N
11/13/2018,7,3,LHM_PUN1,PUN,31.96,N
11/13/2018,7,3,LHM_PUN2,PUN,31.96,N
11/13/2018,7,3,LHORN_N_U1_2,RN,36.54,N
11/13/2018,7,3,LHSES_UNIT1,RN,36.88,N
11/13/2018,7,3,LHSES_UNIT2,RN,36.88,N
11/13/2018,7,3,LNCRK_ALL,RN,36.4,N
11/13/2018,7,3,LONEWOLF_ALL,RN,37.31,N
11/13/2018,7,3,LOSTPI_CC1,LCCRN,36.16,N
11/13/2018,7,3,LOS_LOSTPGT1,PCCRN,36.16,N
11/13/2018,7,3,LOS_LOSTPGT2,PCCRN,36.16,N
11/13/2018,7,3,LOS_LOSTPST1,PCCRN,36.16,N
11/13/2018,7,3,LPCCS_CC1,LCCRN,37,N
11/13/2018,7,3,LPCCS_CC2,LCCRN,37,N
11/13/2018,7,3,LPCCS_CT11,PCCRN,37,N
11/13/2018,7,3,LPCCS_CT12,PCCRN,37,N
11/13/2018,7,3,LPCCS_CT21,PCCRN,37,N
11/13/2018,7,3,LPCCS_CT22,PCCRN,37,N
11/13/2018,7,3,LPCCS_UNIT1,PCCRN,37,N
11/13/2018,7,3,LPCCS_UNIT2,PCCRN,37,N
11/13/2018,7,3,LV1A_LV1B,RN,24.65,N
11/13/2018,7,3,LV3_RN,RN,24.41,N
11/13/2018,7,3,LV3_UNIT1,RN,24.08,N
11/13/2018,7,3,LV4_UNIT_1,RN,24.08,N
11/13/2018,7,3,LV5_UNIT1,RN,24.41,N
11/13/2018,7,3,LZ_AEN,LZEW,36.29,N
11/13/2018,7,3,LZ_AEN,LZ,36.3,N
11/13/2018,7,3,LZ_CPS,LZEW,24.1,N
11/13/2018,7,3,LZ_CPS,LZ,24.1,N
11/13/2018,7,3,LZ_HOUSTON,LZEW,31.83,N
11/13/2018,7,3,LZ_HOUSTON,LZ,31.83,N
11/13/2018,7,3,LZ_LCRA,LZEW,34.64,N
11/13/2018,7,3,LZ_LCRA,LZ,34.64,N
11/13/2018,7,3,LZ_NORTH,LZEW,36.76,N
11/13/2018,7,3,LZ_NORTH,LZ,36.76,N
11/13/2018,7,3,LZ_RAYBN,LZ,36.84,N
11/13/2018,7,3,LZ_RAYBN,LZEW,36.84,N
11/13/2018,7,3,LZ_SOUTH,LZEW,27.23,N
11/13/2018,7,3,LZ_SOUTH,LZ,27.23,N
11/13/2018,7,3,LZ_WEST,LZEW,106.66,N
11/13/2018,7,3,LZ_WEST,LZ,106.66,N
11/13/2018,7,3,MARBFA,RN,35.05,N
11/13/2018,7,3,MARIAH_ALL,RN,36.54,N
11/13/2018,7,3,MAR_MARSFOG1,RN,36.23,N
11/13/2018,7,3,MAR_MARSFOG2,RN,36.23,N
11/13/2018,7,3,MAR_MARSFOG3,RN,36.23,N
11/13/2018,7,3,MCDLD_FCSBW1,RN,54.53,N
11/13/2018,7,3,MCSES_UNIT6,RN,37.13,N
11/13/2018,7,3,MCSES_UNIT7,RN,37.13,N
11/13/2018,7,3,MCSES_UNIT8,RN,37.13,N
11/13/2018,7,3,MDANP_CT1_2,RN,30.41,N
11/13/2018,7,3,MDANP_CT3_4,RN,30.41,N
11/13/2018,7,3,MDANP_CT5_6,RN,30.41,N
11/13/2018,7,3,MESQCRK_ALL,RN,34.27,N
11/13/2018,7,3,MGSES_CT123,RN,41.01,N
11/13/2018,7,3,MGSES_CT456,RN,41.01,N
11/13/2018,7,3,MIAM1_G1_G2,RN,36.53,N
11/13/2018,7,3,MIL_MILG1_2,RN,36.05,N
11/13/2018,7,3,MIL_MILG345,RN,36.05,N
11/13/2018,7,3,MIRAGE_G1,RN,31.76,N
11/13/2018,7,3,MIRASOLE_GEN,RN,24.27,N
11/13/2018,7,3,MLSES_UNIT1,RN,35.89,N
11/13/2018,7,3,MLSES_UNIT2,RN,35.89,N
11/13/2018,7,3,MLSES_UNIT3,RN,35.89,N
11/13/2018,7,3,MNSES_UNIT1,RN,36.97,N
11/13/2018,7,3,MNSES_UNIT2,RN,36.97,N
11/13/2018,7,3,MNSES_UNIT3,RN,36.97,N
11/13/2018,7,3,MOZART_WIND1,RN,38.65,N
11/13/2018,7,3,MWEC_G1,RN,38.78,N
11/13/2018,7,3,NACPW_UNIT1,RN,35.64,N
11/13/2018,7,3,NBOHR_RN,RN,39.81,N
11/13/2018,7,3,NCARBIDEG8,RN,27.51,N
11/13/2018,7,3,NCARBIDE_1_7,RN,27.51,N
11/13/2018,7,3,NCARBID_PUN1,PUN,27.51,N
11/13/2018,7,3,NCARBID_PUN2,PUN,27.51,N
11/13/2018,7,3,NEDIN_CC1,LCCRN,24.53,N
11/13/2018,7,3,NED_NEDIN_G1,PCCRN,24.53,N
11/13/2018,7,3,NED_NEDIN_G2,PCCRN,24.53,N
11/13/2018,7,3,NED_NEDIN_G3,PCCRN,24.53,N
11/13/2018,7,3,NUECES_B_CC1,LCCRN,25.18,N
11/13/2018,7,3,NUE_NUECESG7,PCCRN,25.17,N
11/13/2018,7,3,NUE_NUECESG8,PCCRN,25.18,N
11/13/2018,7,3,NUE_NUECESG9,PCCRN,25.18,N
11/13/2018,7,3,NWF_NWF1,RN,121.11,N
11/13/2018,7,3,OECCS_1,PCCRN,14.46,N
11/13/2018,7,3,OECCS_2,PCCRN,14.46,N
11/13/2018,7,3,OECCS_CC1,LCCRN,6.06,N
11/13/2018,7,3,OECCS_CC2,LCCRN,6.21,N
11/13/2018,7,3,OGSES_1,RN,34.51,N
11/13/2018,7,3,OGSES_2,RN,34.51,N
11/13/2018,7,3,OKLA_OKLA_G1,RN,36.55,N
11/13/2018,7,3,OLIN_OLING_1,RN,36.9,N
11/13/2018,7,3,OLIN_OLING_2,RN,36.9,N
11/13/2018,7,3,OLIN_OLING_3,RN,36.9,N
11/13/2018,7,3,OLIN_OLING_4,RN,36.9,N
11/13/2018,7,3,OWF_OWF,RN,54.09,N
11/13/2018,7,3,OXY_OXY_CCG1,RN,25.14,N
11/13/2018,7,3,OXY_PUN1,PUN,25.14,N
11/13/2018,7,3,OXY_PUN2,PUN,25.14,N
11/13/2018,7,3,PANDA_S_CC1,LCCRN,37.07,N
11/13/2018,7,3,PANDA_S_CT1,PCCRN,37.07,N
11/13/2018,7,3,PANDA_S_CT2,PCCRN,37.07,N
11/13/2018,7,3,PANDA_S_ST1,RN,37.07,N
11/13/2018,7,3,PANDA_T1_CC1,LCCRN,35.23,N
11/13/2018,7,3,PANDA_T1_CT1,PCCRN,35.23,N
11/13/2018,7,3,PANDA_T1_CT2,PCCRN,35.23,N
11/13/2018,7,3,PANDA_T1_ST1,PCCRN,35.23,N
11/13/2018,7,3,PANDA_T2_CC1,LCCRN,35.23,N
11/13/2018,7,3,PANDA_T2_CT1,PCCRN,35.23,N
11/13/2018,7,3,PANDA_T2_CT2,PCCRN,35.23,N
11/13/2018,7,3,PANDA_T2_ST1,PCCRN,35.23,N
11/13/2018,7,3,PAP1_PAP1,RN,25.23,N
11/13/2018,7,3,PB2SES_CT1,RN,171.14,N
11/13/2018,7,3,PB2SES_CT2,RN,171.14,N
11/13/2018,7,3,PB2SES_CT3,RN,171.14,N
11/13/2018,7,3,PB2SES_CT4,RN,171.14,N
11/13/2018,7,3,PB2SES_CT5,RN,171.14,N
11/13/2018,7,3,PC_NORTH_1,RN,30.63,N
11/13/2018,7,3,PC_SOUTH_ALL,RN,30.63,N
11/13/2018,7,3,PEARSA_1_24,RN,22.99,N
11/13/2018,7,3,PEAR_PEARS_1,RN,23,N
11/13/2018,7,3,PEAR_PEARS_2,RN,23,N
11/13/2018,7,3,PENA_ALL,RN,24.78,N
11/13/2018,7,3,PH1_UNIT1_2,RN,36.53,N
11/13/2018,7,3,PH2_U1_U2,RN,36.53,N
11/13/2018,7,3,PNPI_GT2_RN,RN,31.69,N
11/13/2018,7,3,PR_PR_G2,RN,31.87,N
11/13/2018,7,3,PSA_CC1,LCCRN,31.95,N
11/13/2018,7,3,PSA_PSA_G1,PCCRN,31.95,N
11/13/2018,7,3,PSA_PSA_G2,PCCRN,31.95,N
11/13/2018,7,3,PSA_PSA_G3,PCCRN,31.95,N
11/13/2018,7,3,PSA_PSA_G4,PCCRN,31.95,N
11/13/2018,7,3,PSA_PSA_G5,PCCRN,31.95,N
11/13/2018,7,3,PSA_PSA_G6,PCCRN,31.95,N
11/13/2018,7,3,PSA_PSA_G7,PCCRN,31.95,N
11/13/2018,7,3,PSA_PUN1,PUN,31.95,N
11/13/2018,7,3,PSA_PUN2,PUN,31.95,N
11/13/2018,7,3,PSA_PUN3,PUN,31.95,N
11/13/2018,7,3,PSA_PUN4,PUN,31.95,N
11/13/2018,7,3,PSA_PUN5,PUN,31.95,N
11/13/2018,7,3,PSG_CC1,LCCRN,31.89,N
11/13/2018,7,3,PSG_PSG_GT2,PCCRN,31.89,N
11/13/2018,7,3,PSG_PSG_GT3,PCCRN,31.89,N
11/13/2018,7,3,PSG_PSG_ST1,PCCRN,31.89,N
11/13/2018,7,3,PYR_PYRON1,RN,36.63,N
11/13/2018,7,3,QALSW_ALL,PCCRN,14.71,N
11/13/2018,7,3,QALSW_CC1,LCCRN,14.71,N
11/13/2018,7,3,QALSW_CC2,LCCRN,14.71,N
11/13/2018,7,3,RAYBURN_CC1,LCCRN,26.64,N
11/13/2018,7,3,RAYBURN_G1_2,RN,26.89,N
11/13/2018,7,3,RAYB_G78910,PCCRN,26.64,N
11/13/2018,7,3,RDCAN_RDCNY1,RN,39.26,N
11/13/2018,7,3,REDFISH_ALL,RN,24.71,N
11/13/2018,7,3,REDGATE_ALL,RN,24.53,N
11/13/2018,7,3,REROCK_ALL,RN,414.97,N
11/13/2018,7,3,RHESS_1,RN,36.06,N
11/13/2018,7,3,RIGGIN_UNIT1,RN,577.19,N
11/13/2018,7,3,RIONOG_CC1,LCCRN,41.2,N
11/13/2018,7,3,RIONOG_CT1,PCCRN,41.2,N
11/13/2018,7,3,RIONOG_CT2,PCCRN,41.2,N
11/13/2018,7,3,RIONOG_CT3,PCCRN,41.2,N
11/13/2018,7,3,RIONOG_ST1,PCCRN,41.2,N
11/13/2018,7,3,RN_DEC_AGR_A,RN,37.12,N
11/13/2018,7,3,RN_DEC_AGR_B,RN,37.12,N
11/13/2018,7,3,RN_DEC_AGR_C,RN,37.12,N
11/13/2018,7,3,RN_DEC_AGR_D,RN,37.12,N
11/13/2018,7,3,RN_DEC_GSU0,RN,37.12,N
11/13/2018,7,3,RN_DEC_GSU1,RN,37.12,N
11/13/2018,7,3,RN_DEC_GSU2,RN,37.12,N
11/13/2018,7,3,RN_ECEC_HOLT,RN,116.91,N
11/13/2018,7,3,RN_OCI_ALAMO,RN,23.81,N
11/13/2018,7,3,RN_RTS1,RN,34.31,N
11/13/2018,7,3,RN_SR_WIND1,RN,24.61,N
11/13/2018,7,3,RN_TOSBATT,RN,51.09,N
11/13/2018,7,3,ROUTE66_RN,RN,36.54,N
11/13/2018,7,3,RSK_RN,RN,39.81,N
11/13/2018,7,3,SALVTION_GEN,RN,36.26,N
11/13/2018,7,3,SANDHSYD1_2,RN,36.39,N
11/13/2018,7,3,SANDHSYD3_4,RN,36.39,N
11/13/2018,7,3,SANDHSYD6_7,RN,36.39,N
11/13/2018,7,3,SANDHSYD_5AC,PCCRN,36.39,N
11/13/2018,7,3,SANDHSYD_CC1,LCCRN,36.39,N
11/13/2018,7,3,SANTACRU_ALL,RN,24.97,N
11/13/2018,7,3,SAN_SANMIGG1,RN,22.95,N
11/13/2018,7,3,SC2SES_UNIT1,RN,35.64,N
11/13/2018,7,3,SCES_UNIT1,RN,34.65,N
11/13/2018,7,3,SCLP_PUN1,PUN,31.23,N
11/13/2018,7,3,SCLP_PUN2,PUN,31.23,N
11/13/2018,7,3,SCLP_PUN3,PUN,31.23,N
11/13/2018,7,3,SCLP_PUN4,PUN,31.23,N
11/13/2018,7,3,SCLP_SCLPC_1,RN,31.23,N
11/13/2018,7,3,SCLP_SCLPC_2,RN,31.23,N
11/13/2018,7,3,SCLP_SCLPC_3,RN,31.23,N
11/13/2018,7,3,SCLP_SCLPC_4,RN,31.23,N
11/13/2018,7,3,SCSES_UNIT2,RN,35.64,N
11/13/2018,7,3,SD5SES_5,RN,35.66,N
11/13/2018,7,3,SDSES_PUN1,PUN,35.66,N
11/13/2018,7,3,SDSES_PUN2,PUN,35.66,N
11/13/2018,7,3,SDSES_PUN3,PUN,35.66,N
11/13/2018,7,3,SDSES_PUN4,PUN,35.66,N
11/13/2018,7,3,SDSES_UNIT4,RN,35.66,N
11/13/2018,7,3,SENATEWD_1,RN,36.55,N
11/13/2018,7,3,SGM_SIGNALMT,RN,54.8,N
11/13/2018,7,3,SHAFFER_ALL,RN,24.94,N
11/13/2018,7,3,SHANNONW_RN,RN,36.59,N
11/13/2018,7,3,SILASRAY_CC1,LCCRN,24.6,N
11/13/2018,7,3,SIL_SILAS_10,RN,24.6,N
11/13/2018,7,3,SIL_SILAS_6,PCCRN,24.6,N
11/13/2018,7,3,SIL_SILAS_9,PCCRN,24.6,N
11/13/2018,7,3,SIRIUS_UNIT1,RN,-14.77,N
11/13/2018,7,3,SJS_SJS_G1,RN,31.78,N
11/13/2018,7,3,SJS_SJS_G2,RN,31.78,N
11/13/2018,7,3,SKY1,RN,32.62,N
11/13/2018,7,3,SLTFRK_UN1_2,RN,36.53,N
11/13/2018,7,3,SL_PUN1,PUN,31.89,N
11/13/2018,7,3,SL_PUN2,PUN,31.89,N
11/13/2018,7,3,SL_SL_G1,RN,31.89,N
11/13/2018,7,3,SL_SL_G2,RN,31.89,N
11/13/2018,7,3,SL_SL_G3,RN,31.89,N
11/13/2018,7,3,SL_SL_G4,RN,31.89,N
11/13/2018,7,3,SOLARA_UNIT1,RN,36.51,N
11/13/2018,7,3,SPLAIN1_RN,RN,36.57,N
11/13/2018,7,3,SPLAIN2_RN,RN,36.57,N
11/13/2018,7,3,SPNC_SPNCE_4,RN,37.13,N
11/13/2018,7,3,SPNC_SPNCE_5,RN,37.13,N
11/13/2018,7,3,SPTX12B_RN,RN,7.79,N
11/13/2018,7,3,SRB_SRB_G1,RN,31.85,N
11/13/2018,7,3,SRB_SRB_G2,RN,31.85,N
11/13/2018,7,3,SRB_SRB_G3,RN,31.83,N
11/13/2018,7,3,SRB_SRB_G4,RN,31.88,N
11/13/2018,7,3,SRB_SRB_GT12,RN,31.85,N
11/13/2018,7,3,SRWE1_UNIT1,RN,34.27,N
11/13/2018,7,3,SSPURT_WIND1,RN,36.54,N
11/13/2018,7,3,STEAM_ENG123,RN,36.9,N
11/13/2018,7,3,STEA_STEAM_1,RN,36.9,N
11/13/2018,7,3,STEA_STEAM_2,RN,36.9,N
11/13/2018,7,3,STEA_STEAM_3,RN,36.9,N
11/13/2018,7,3,STELLA_RN,RN,24.78,N
11/13/2018,7,3,STP_STP_G1,RN,29.32,N
11/13/2018,7,3,STP_STP_G2,RN,29.32,N
11/13/2018,7,3,STWF_T1,RN,38.3,N
11/13/2018,7,3,SWEC_G1,RN,65.49,N
11/13/2018,7,3,SWEETWN2_2_4,RN,36.77,N
11/13/2018,7,3,SWEETWN3_3,RN,36.77,N
11/13/2018,7,3,SWEETWND_1,RN,36.77,N
11/13/2018,7,3,SWTWN4_WND45,RN,36.77,N
11/13/2018,7,3,SW_M_SW_MESA,RN,-0.93,N
11/13/2018,7,3,TAHOKA_ALL,RN,34.27,N
11/13/2018,7,3,TC_PUN1,PUN,31.76,N
11/13/2018,7,3,TC_PUN2,PUN,31.76,N
11/13/2018,7,3,TC_TCHP1,RN,31.76,N
11/13/2018,7,3,TEN_CC1,LCCRN,34.28,N
11/13/2018,7,3,TEN_CT1_STG,PCCRN,34.28,N
11/13/2018,7,3,TGCCS_ALL,PCCRN,35.74,N
11/13/2018,7,3,TGCCS_CC1,LCCRN,35.74,N
11/13/2018,7,3,TGF_TGFGT,RN,31.2,N
11/13/2018,7,3,TGW_T1_T2,RN,24.78,N
11/13/2018,7,3,THW_1_CCU,PCCRN,31.99,N
11/13/2018,7,3,THW_2_CCU,PCCRN,31.99,N
11/13/2018,7,3,THW_CC1,LCCRN,31.99,N
11/13/2018,7,3,THW_CC2,LCCRN,31.99,N
11/13/2018,7,3,THW_THWGT5X,RN,32.06,N
11/13/2018,7,3,THW_THWGT_1,RN,31.95,N
11/13/2018,7,3,TKWSW_CHAMP,RN,36.63,N
11/13/2018,7,3,TKWSW_ROSCOE,RN,36.63,N
11/13/2018,7,3,TNP_TNP_O_1,RN,34.74,N
11/13/2018,7,3,TNP_TNP_O_2,RN,34.74,N
11/13/2018,7,3,TNSKA_CC1,LCCRN,36.98,N
11/13/2018,7,3,TNSKA_CCU,PCCRN,36.98,N
11/13/2018,7,3,TORR_ALL,RN,23.82,N
11/13/2018,7,3,TRENT_TRENT,RN,38.3,N
11/13/2018,7,3,TRINITY_ALL,RN,36.53,N
11/13/2018,7,3,TRSES_UNIT6,RN,34.11,N
11/13/2018,7,3,TTWEC_G1,RN,35.54,N
11/13/2018,7,3,TXCTY_CC1,LCCRN,31.6,N
11/13/2018,7,3,TXCTY_CTA,PCCRN,31.6,N
11/13/2018,7,3,TXCTY_CTB,PCCRN,31.6,N
11/13/2018,7,3,TXCTY_CTC,PCCRN,31.6,N
11/13/2018,7,3,TXCTY_ST,PCCRN,31.6,N
11/13/2018,7,3,TYLRWIND_RN,RN,37,N
11/13/2018,7,3,UCC_COG_PUN1,PUN,31.6,N
11/13/2018,7,3,UCC_COG_PUN2,PUN,31.6,N
11/13/2018,7,3,UCC_UCC_C_1,RN,31.6,N
11/13/2018,7,3,UCC_UCC_C_2,RN,31.6,N
11/13/2018,7,3,VERTIGO_UN1,RN,36.47,N
11/13/2018,7,3,VICTORIA_CC1,LCCRN,27.13,N
11/13/2018,7,3,VICTPORT_ALL,RN,27.23,N
11/13/2018,7,3,VIC_VICTORG5,PCCRN,27.13,N
11/13/2018,7,3,VIC_VICTORG6,PCCRN,27.13,N
11/13/2018,7,3,VISTRON_PUN1,PUN,27.41,N
11/13/2018,7,3,VISTRON_PUN2,PUN,27.41,N
11/13/2018,7,3,VISTRON_TG1,RN,27.41,N
11/13/2018,7,3,VISTRON_TG2,RN,27.41,N
11/13/2018,7,3,VLSES_UNIT3,PCCRN,37.01,N
11/13/2018,7,3,WAKEWE_ALL,RN,36.62,N
11/13/2018,7,3,WAP_WAPGT_1,RN,31.69,N
11/13/2018,7,3,WAP_WAP_G1,RN,31.69,N
11/13/2018,7,3,WAP_WAP_G2,RN,31.69,N
11/13/2018,7,3,WAP_WAP_G3,RN,31.69,N
11/13/2018,7,3,WAP_WAP_G4,RN,31.69,N
11/13/2018,7,3,WAP_WAP_G5,RN,31.69,N
11/13/2018,7,3,WAP_WAP_G6,RN,31.46,N
11/13/2018,7,3,WAP_WAP_G7,RN,31.46,N
11/13/2018,7,3,WAP_WAP_G8,RN,31.53,N
11/13/2018,7,3,WAYMARK_RN,RN,7.95,N
11/13/2018,7,3,WCPP_CC1,LCCRN,36.58,N
11/13/2018,7,3,WCPP_CT1,PCCRN,36.58,N
11/13/2018,7,3,WCPP_CT2,PCCRN,36.58,N
11/13/2018,7,3,WCPP_ST1,PCCRN,36.58,N
11/13/2018,7,3,WEBBER_WS_T1,RN,36.28,N
11/13/2018,7,3,WEC_WECG1,RN,38.18,N
11/13/2018,7,3,WFCOGEN_13,PCCRN,36.56,N
11/13/2018,7,3,WFCOGEN_24,PCCRN,36.56,N
11/13/2018,7,3,WFCOGEN_CC1,LCCRN,36.56,N
11/13/2018,7,3,WHCCS2_4,PCCRN,35.81,N
11/13/2018,7,3,WHCCS2_5_6,PCCRN,35.81,N
11/13/2018,7,3,WHCCS2_CC2,LCCRN,35.81,N
11/13/2018,7,3,WHCCS_CC1,LCCRN,35.81,N
11/13/2018,7,3,WHCCS_CT1_ST,PCCRN,35.81,N
11/13/2018,7,3,WHCCS_CT2,PCCRN,35.81,N
11/13/2018,7,3,WHITE_PT_UN1,RN,25.26,N
11/13/2018,7,3,WHTTAIL_WR1,RN,36.97,N
11/13/2018,7,3,WIPOPA_1_2,RN,35.2,N
11/13/2018,7,3,WIPOPA_3_4,RN,35.2,N
11/13/2018,7,3,WIR_WIRTZ_G1,RN,34.56,N
11/13/2018,7,3,WIR_WIRTZ_G2,RN,34.56,N
11/13/2018,7,3,WL_RANCH_RN,RN,25.88,N
11/13/2018,7,3,WNDTS2_UNIT1,RN,36.61,N
11/13/2018,7,3,WND_WHITNEY,RN,35.03,N
11/13/2018,7,3,WOO_WOODWRD1,RN,577.19,N
11/13/2018,7,3,WOO_WOODWRD2,RN,-34.38,N
